{
  "id": "5059315",
  "name": "前端作业",
  "font_family": "iconfont",
  "css_prefix_text": "icon-",
  "description": "",
  "glyphs": [
    {
      "icon_id": "8033071",
      "name": "网易云音乐",
      "font_class": "wangyiyunyinle",
      "unicode": "ea4b",
      "unicode_decimal": 59979
    },
    {
      "icon_id": "12431529",
      "name": "网易云音乐",
      "font_class": "wangyiyunyinle1",
      "unicode": "e60f",
      "unicode_decimal": 58895
    },
    {
      "icon_id": "1029233",
      "name": "叉叉",
      "font_class": "cancel-1-copy",
      "unicode": "e61a",
      "unicode_decimal": 58906
    },
    {
      "icon_id": "1330571",
      "name": "微博",
      "font_class": "weibo",
      "unicode": "e73c",
      "unicode_decimal": 59196
    },
    {
      "icon_id": "1330577",
      "name": "QQ",
      "font_class": "QQ",
      "unicode": "e73e",
      "unicode_decimal": 59198
    },
    {
      "icon_id": "6209708",
      "name": "网易",
      "font_class": "wangyi",
      "unicode": "e600",
      "unicode_decimal": 58880
    },
    {
      "icon_id": "13040975",
      "name": "网易云",
      "font_class": "wangyiyun",
      "unicode": "e603",
      "unicode_decimal": 58883
    },
    {
      "icon_id": "15933094",
      "name": "微信",
      "font_class": "weixin",
      "unicode": "e607",
      "unicode_decimal": 58887
    }
  ]
}
